﻿<?xml version="1.0" encoding="utf-8" standalone="no" ?>
<ContractorMod>
    <!--
    This file is used only when creating new savegame.
    Following changes can be made here:
     - You can set from 2 to 8 workers by changing numWorkers value.
     - Worker name can be changed.
     - Worker gender can be male or female
     - Worker colorIndex can be set from 1 to 8 (being colors available when starting a new game)
       - white      : 1
       - grey       : 2
       - blue       : 3
       - navy       : 4
       - green      : 5
       - dark green : 6
       - red        : 7
       - brown      : 8
     - enableSeveralDrivers: 
       -true  => several characters can drive the same vehicle (was useful when no PassengerMod spec, should not be changed anymore)
       -false => only one character can drive a vehicle
     - displayOnFootWorker:
       -true  => display pedestrian worker
       -false => only show worker when inside a vehicle
    If you want to modify some element on a savegame, you can edit similar file in corresponding savegame directory
    -->
    <workers numWorkers="4" enableSeveralDrivers="true" displayOnFootWorker="true">
        <worker name="Alex" gender="male" colorIndex="1"/>
        <worker name="Barbara" gender="female" colorIndex="2"/>
        <worker name="Chris" gender="male" colorIndex="3"/>
        <worker name="David" gender="male" colorIndex="4"/>
        <worker name="Ed" gender="male" colorIndex="5"/>
        <worker name="Frank" gender="male" colorIndex="6"/>
        <worker name="Gary" gender="male" colorIndex="7"/>
        <worker name="Henry" gender="male" colorIndex="8"/>
    </workers>
    <passengerSeats>
        <!-- mods can be added here so they won't be overwritten if ContractorMod is updated -->
        <Passenger vehiclesName="$moddir$FS17_Case_Optum_CVX/caseIHOptumCVX.xml" seatIndex="1" x="0.524" y="2.254" z="-0.595" rx="0" ry="-0.28" rz="0" />
        <Passenger vehiclesName="$moddir$FS17_CaseIH1455XL/caseIH1455.xml" seatIndex="1" x="0.381" y="1.793" z="-1.331" rx="0" ry="0" rz="0"/>
        <Passenger vehiclesName="$moddir$mrInternational_1255_1455_V2/caseIH1455.xml" seatIndex="1" x="0.381" y="1.793" z="-1.331" rx="0" ry="0" rz="0"/>
        <Passenger vehiclesName="$moddir$FS17_Case_Magnum_7250/CaseMagnum7250.xml" seatIndex="1" x="0.48" y="2.104" z="-1.212" rx="0" ry="0" rz="0"/>
        <Passenger vehiclesName="$moddir$FS17_CaseIHMaxxum/caseIHPumaCVX.xml" seatIndex="1" x="0.521" y="2.012" z="-0.672" rx="0" ry="-0.25" rz="0"/>
        <Passenger vehiclesName="$moddir$FS17_caseIH7130/caseIH130Series.xml" seatIndex="1" x="0.555" y="2.555" z="2.351" rx="0" ry="0" rz="0"/>
        <Passenger vehiclesName="$moddir$FS17_cMAN_TGS_HKL_68_V6/manTGS68HKL.xml" seatIndex="1" x="-0.633" y="1.972" z="1.818" rx="0" ry="0" rz="0"/>
        <Passenger vehiclesName="$moddir$FS17_CAT_D6N_LGP/D6N LGP.xml" seatIndex="-1" x="0.0" y="0.0" z="0.0" rx="0" ry="0" rz="0"/>
        <Passenger vehiclesName="$moddir$FS17_LIEBHERR_902_Pack/Liebherrc.xml" seatIndex="-1" x="0.0" y="0.0" z="0.0" rx="0" ry="0" rz="0"/>
        <Passenger vehiclesName="$moddir$FS17_JohnDeere_3x50_Series/JohnDeere_3x50_Series.xml" seatIndex="-1" x="0.0" y="0.0" z="0.0" rx="0" ry="0" rz="0"/>
        <Passenger vehiclesName="$moddir$FS17_FENDT_800_VARIOS4_V1003_AGO_/FENDTVARIO800.xml" seatIndex="1" x="0.362" y="2.12" z="-0.898" rx="0" ry="0" rz="0"/>
        <Passenger vehiclesName="$moddir$FS17Contest_fordTWPack/fordTWsmall.xml" seatIndex="-1" x="0.0" y="0.0" z="0.0" rx="0" ry="0" rz="0"/>
        <Passenger vehiclesName="$moddir$FS17Contest_fordTWPack/fordTWlarge.xml" seatIndex="-1" x="0.0" y="0.0" z="0.0" rx="0" ry="0" rz="0"/>
        <Passenger vehiclesName="$moddir$FS17_manTGSagroTruck/XML/manTGSagroTruck1.xml" seatIndex="1" x="-0.659" y="1.994" z="1.932" rx="0" ry="0" rz="0"/>
        <Passenger vehiclesName="$moddir$FS17_manTGSagroTruck/XML/manTGSagroTruck2.xml" seatIndex="1" x="-0.659" y="1.994" z="1.932" rx="0" ry="0" rz="0"/>
        <Passenger vehiclesName="$moddir$FS17_manTGSagroTruck/XML/manTGSagroTruck3.xml" seatIndex="1" x="-0.659" y="1.994" z="1.932" rx="0" ry="0" rz="0"/>
        <Passenger vehiclesName="$moddir$FS17_manTGSagroTruck/XML/manTGSagroTruck4.xml" seatIndex="1" x="-0.659" y="1.994" z="1.932" rx="0" ry="0" rz="0"/>
        <Passenger vehiclesName="$moddir$IHC_CaseIH_CFamilie/xml/C_Familie_81_85.xml" seatIndex="1" x="0.249" y="1.793" z="-1.358" rx="0" ry="0" rz="0"/>
        <Passenger vehiclesName="$moddir$IHC_CaseIH_CFamilie/xml/C_Familie_85_86.xml" seatIndex="1" x="0.249" y="1.793" z="-1.358" rx="0" ry="0" rz="0"/>
        <Passenger vehiclesName="$moddir$IHC_CaseIH_CFamilie/xml/C_Familie_86_92.xml" seatIndex="1" x="0.249" y="1.793" z="-1.358" rx="0" ry="0" rz="0"/>
        <Passenger vehiclesName="$moddir$FS17_JD7R_69L_2011EU_V1003_AGO.zip/JD7R6L.xml" seatIndex="1" x="0.398" y="1.926" z="-0.864" rx="0" ry="0" rz="0"/>
        <Passenger vehiclesName="$moddir$FS17_JD7R_69L_2011EU_V1003_AGO.zip/JD7R9L.xml" seatIndex="1" x="0.398" y="1.926" z="-0.864" rx="0" ry="0" rz="0"/>
        <Passenger vehiclesName="$moddir$FS17_ScaniaR/ScaniaR.xml" seatIndex="1" x="-0.655" y="1.994" z="1.932" rx="0" ry="0" rz="0"/>
    </passengerSeats>
</ContractorMod>
