﻿<?xml version="1.0" encoding="utf-8" standalone="no" ?>
<modDesc descVersion="31">
  <author>yumi</author>
  <version>1.0</version>
  <contributors>yumi</contributors>
  <title>
    <en>ContractorMod</en>
    <de>ContractorMod</de>
    <fr>Mod ETA</fr>
  </title>
  <description>
    <en><![CDATA[ContractorMod]]></en>
    <de><![CDATA[ContractorMod]]></de>
    <fr><![CDATA[ContractorMod]]></fr>
  </description>
  <iconFilename>images/ContractorMod.dds</iconFilename>

  <l10n filenamePrefix="modDesc_l10n" /> <!-- Load the corresponding modDesc_l10n_<language>.XML file, or revert to 'en'/'de'. -->

  <multiplayer supported="false"/>
  <extraSourceFiles>
    <sourceFile filename="scripts/ContractorMod.lua" />
    <sourceFile filename="scripts/ContractorModWorker.lua" />
    <sourceFile filename="scripts/Passenger.lua" />
  </extraSourceFiles>
  
  <inputBindings>
    <input name="ContractorMod_NEXTWORKER" category="ONFOOT VEHICLE" key1="KEY_tab" key2="" button="" device="0" mouse="" />
    <input name="ContractorMod_PREVWORKER" category="ONFOOT VEHICLE" key1="KEY_lshift KEY_tab" key2="" button="" device="0" mouse="" />
   </inputBindings>  
</modDesc>
