<passengerSeats>
    <!--
          This file is used to position passengers in a vehicle.
          seatIndex="0" is driver seat so each additionnal seat defined here is a passenger seat
          just define seatIndex, location (x, y, z) and rotation (rx, ry, rz) to add a passenger
          mods vehicles can also be set here with syntax $moddir$mod_name/mod_xml.xml like caseIHOptumCVX
     -->
     <!-- cars -->
    <Passenger vehiclesName="data/vehicles/steerable/lizard/lizardPickupRodeo.xml" seatIndex="1" x="-0.401" y="0.811" z="0.433" rx="0" ry="0" rz="0" />
    <Passenger vehiclesName="data/vehicles/steerable/lizard/lizardPickupRodeo.xml" seatIndex="2" x="-0.401" y="1.231" z="-0.1" rx="0" ry="3.141592" rz="0" />
    <Passenger vehiclesName="data/vehicles/steerable/lizard/lizardPickupRodeo.xml" seatIndex="3" x="0.401" y="1.231" z="-0.1" rx="0" ry="3.141592" rz="0" />
    <Passenger vehiclesName="data/vehicles/steerable/lizard/lizardPickupTT.xml" seatIndex="1" x="-0.429" y="0.937" z="0.612" rx="0" ry="0" rz="0" />
    <Passenger vehiclesName="data/vehicles/steerable/lizard/lizardPickupTT.xml" seatIndex="2" x="0.429" y="0.937" z="-0.25" rx="0" ry="0" rz="0" />
    <Passenger vehiclesName="data/vehicles/steerable/lizard/lizardPickupTT.xml" seatIndex="3" x="-0.429" y="0.937" z="-0.25" rx="0" ry="0" rz="0" />
    <Passenger vehiclesName="data/vehicles/steerable/lizard/lizardPickupTT.xml" seatIndex="4" x="0" y="0.937" z="-0.25" rx="0" ry="0" rz="0" />
     <!-- combines -->
    <Passenger vehiclesName="data/vehicles/steerable/caseIH/caseIH1660.xml" seatIndex="1" x="0.76" y="2.686" z="2.241" rx="0" ry="0" rz="0" />
    <Passenger vehiclesName="data/vehicles/steerable/caseIH/caseIH130Series.xml" seatIndex="1" x="0.555" y="2.555" z="2.351" rx="0" ry="0" rz="0" />
    <Passenger vehiclesName="data/vehicles/steerable/caseIH/caseIH230Series.xml" seatIndex="1" x="0.544" y="2.798" z="2.313" rx="0" ry="0" rz="0" />
    <Passenger vehiclesName="data/vehicles/steerable/masseyFerguson/MF9380Delta.xml" seatIndex="1" x="0.0" y="0.0" z="0.0" rx="0" ry="0" rz="0" />
    <Passenger vehiclesName="data/vehicles/steerable/masseyFerguson/MF7347Activa.xml" seatIndex="1" x="0.0" y="0.0" z="0.0" rx="0" ry="0" rz="0" />
    <Passenger vehiclesName="data/vehicles/steerable/newHolland/newHollandTC590.xml" seatIndex="1" x="0.0" y="0.0" z="0.0" rx="0" ry="0" rz="0" />
    <Passenger vehiclesName="data/vehicles/steerable/newHolland/newHollandCR1090.xml" seatIndex="1" x="0.0" y="0.0" z="0.0" rx="0" ry="0" rz="0" />
    <Passenger vehiclesName="data/vehicles/steerable/rostselmash/rsmAcros595.xml" seatIndex="1" x="0.0" y="0.0" z="0.0" rx="0" ry="0" rz="0" />
    <Passenger vehiclesName="data/vehicles/steerable/rostselmash/rsmTorum760.xml" seatIndex="1" x="0.0" y="0.0" z="0.0" rx="0" ry="0" rz="0" />
    <Passenger vehiclesName="data/vehicles/steerable/sampoRosenlew/sampoRosenlewC6.xml" seatIndex="1" x="0.0" y="0.0" z="0.0" rx="0" ry="0" rz="0" />
     <!-- tractors -->
    <Passenger vehiclesName="data/vehicles/steerable/caseIH/caseIH1455.xml" seatIndex="1" x="0.381" y="1.793" z="-1.331" rx="0" ry="0" rz="0" />
    <Passenger vehiclesName="data/vehicles/steerable/caseIH/caseIHMagnum380.xml" seatIndex="1" x="0.521" y="2.337" z="-0.913" rx="0" ry="0" rz="0" />
    <Passenger vehiclesName="data/vehicles/steerable/caseIH/caseIHOptumCVX.xml" seatIndex="1" x="0.524" y="2.254" z="-0.595" rx="0" ry="-0.28" rz="0" />
    <Passenger vehiclesName="data/vehicles/steerable/caseIH/caseIHQuadtrac620.xml" seatIndex="1" x="0.45" y="2.652" z="-0.164" rx="0" ry="0" rz="0" />
    <Passenger vehiclesName="data/vehicles/steerable/caseIH/caseIHPumaCVX.xml" seatIndex="1" x="0.521" y="2.012" z="-0.672" rx="0" ry="-0.28" rz="0" />
    <Passenger vehiclesName="data/vehicles/steerable/challenger/challengerMT700E.xml" seatIndex="1" x="0.0" y="0.0" z="0.0" rx="0" ry="0" rz="0" />
    <Passenger vehiclesName="data/vehicles/steerable/challenger/challengerMT800E.xml" seatIndex="1" x="0.0" y="0.0" z="0.0" rx="0" ry="0" rz="0" />
    <Passenger vehiclesName="data/vehicles/steerable/challenger/challengerMT900E.xml" seatIndex="1" x="0.0" y="0.0" z="0.0" rx="0" ry="0" rz="0" />
    <Passenger vehiclesName="data/vehicles/steerable/deutz/deutzAgroStar661.xml" seatIndex="1" x="0.0" y="0.0" z="0.0" rx="0" ry="0" rz="0" />
    <Passenger vehiclesName="data/vehicles/steerable/deutz/deutzFahrSeries9.xml" seatIndex="1" x="0.0" y="0.0" z="0.0" rx="0" ry="0" rz="0" />
    <Passenger vehiclesName="data/vehicles/steerable/deutz/deutzFahrSeries7.xml" seatIndex="1" x="0.0" y="0.0" z="0.0" rx="0" ry="0" rz="0" />
    <Passenger vehiclesName="data/vehicles/steerable/fendt/fendt300.xml" seatIndex="1" x="0.0" y="0.0" z="0.0" rx="0" ry="0" rz="0" />
    <Passenger vehiclesName="data/vehicles/steerable/fendt/fendt700.xml" seatIndex="1" x="0.0" y="0.0" z="0.0" rx="0" ry="0" rz="0" />
    <Passenger vehiclesName="data/vehicles/steerable/fendt/fendt900.xml" seatIndex="1" x="0.0" y="0.0" z="0.0" rx="0" ry="0" rz="0" />
    <Passenger vehiclesName="data/vehicles/steerable/huerlimann/huerlimannH488.xml" seatIndex="1" x="0.0" y="0.0" z="0.0" rx="0" ry="0" rz="0" />
    <Passenger vehiclesName="data/vehicles/steerable/huerlimann/huerlimannXM4Ti.xml" seatIndex="1" x="0.0" y="0.0" z="0.0" rx="0" ry="0" rz="0" />
    <Passenger vehiclesName="data/vehicles/steerable/jcb/jcb260.xml" seatIndex="1" x="0.0" y="0.0" z="0.0" rx="0" ry="0" rz="0" />
    <Passenger vehiclesName="data/vehicles/steerable/jcb/jcb325T.xml" seatIndex="1" x="0.0" y="0.0" z="0.0" rx="0" ry="0" rz="0" />
    <Passenger vehiclesName="data/vehicles/steerable/jcb/jcbFastrac3000.xml" seatIndex="1" x="0.0" y="0.0" z="0.0" rx="0" ry="0" rz="0" />
    <Passenger vehiclesName="data/vehicles/steerable/jcb/jcb435s.xml" seatIndex="1" x="0.0" y="0.0" z="0.0" rx="0" ry="0" rz="0" />
    <Passenger vehiclesName="data/vehicles/steerable/jcb/jcbFastrac8000.xml" seatIndex="1" x="0.0" y="0.0" z="0.0" rx="0" ry="0" rz="0" />
    <Passenger vehiclesName="data/vehicles/steerable/lamborghini/Mach230VRT.xml" seatIndex="1" x="0.0" y="0.0" z="0.0" rx="0" ry="0" rz="0" />
    <Passenger vehiclesName="data/vehicles/steerable/lindner/lintrac90.xml" seatIndex="1" x="0.0" y="0.0" z="0.0" rx="0" ry="0" rz="0" />
    <Passenger vehiclesName="data/vehicles/steerable/masseyFerguson/MF5600.xml" seatIndex="1" x="0.0" y="0.0" z="0.0" rx="0" ry="0" rz="0" />
    <Passenger vehiclesName="data/vehicles/steerable/masseyFerguson/MF7700.xml" seatIndex="1" x="0.0" y="0.0" z="0.0" rx="0" ry="0" rz="0" />
    <Passenger vehiclesName="data/vehicles/steerable/masseyFerguson/MF8700.xml" seatIndex="1" x="0.0" y="0.0" z="0.0" rx="0" ry="0" rz="0" />
    <Passenger vehiclesName="data/vehicles/steerable/newHolland/newHollandT6.xml" seatIndex="1" x="0.0" y="0.0" z="0.0" rx="0" ry="0" rz="0" />
    <Passenger vehiclesName="data/vehicles/steerable/newHolland/newHollandT7.xml" seatIndex="1" x="0.0" y="0.0" z="0.0" rx="0" ry="0" rz="0" />
    <Passenger vehiclesName="data/vehicles/steerable/newHolland/newHollandT8.xml" seatIndex="1" x="0.0" y="0.0" z="0.0" rx="0" ry="0" rz="0" />
    <Passenger vehiclesName="data/vehicles/steerable/newHolland/newHollandT9.xml" seatIndex="1" x="0.0" y="0.0" z="0.0" rx="0" ry="0" rz="0" />
    <Passenger vehiclesName="data/vehicles/steerable/newHolland/newHolland8340.xml" seatIndex="1" x="0.0" y="0.0" z="0.0" rx="0" ry="0" rz="0" />
    <Passenger vehiclesName="data/vehicles/steerable/newHolland/newHollandT5.xml" seatIndex="1" x="0.0" y="0.0" z="0.0" rx="0" ry="0" rz="0" />
    <Passenger vehiclesName="data/vehicles/steerable/same/sameFortis.xml" seatIndex="1" x="0.0" y="0.0" z="0.0" rx="0" ry="0" rz="0" />
    <Passenger vehiclesName="data/vehicles/steerable/steyr/steyrMulti.xml" seatIndex="1" x="0.0" y="0.0" z="0.0" rx="0" ry="0" rz="0" />
    <Passenger vehiclesName="data/vehicles/steerable/steyr/steyrTerrusCVT.xml" seatIndex="1" x="0.0" y="0.0" z="0.0" rx="0" ry="0" rz="0" />
    <Passenger vehiclesName="data/vehicles/steerable/valtra/valtraNSeries.xml" seatIndex="1" x="0.0" y="0.0" z="0.0" rx="0" ry="0" rz="0" />
    <Passenger vehiclesName="data/vehicles/steerable/valtra/valtraSSeries.xml" seatIndex="1" x="0.0" y="0.0" z="0.0" rx="0" ry="0" rz="0" />
    <Passenger vehiclesName="data/vehicles/steerable/valtra/valtraTSeries.xml" seatIndex="1" x="0.0" y="0.0" z="0.0" rx="0" ry="0" rz="0" />
    <Passenger vehiclesName="data/vehicles/steerable/zetor/zetorForterraHD.xml" seatIndex="1" x="0.0" y="0.0" z="0.0" rx="0" ry="0" rz="0" />
    <Passenger vehiclesName="data/vehicles/steerable/zetor/zetorMajor.xml" seatIndex="1" x="0.0" y="0.0" z="0.0" rx="0" ry="0" rz="0" />
    <Passenger vehiclesName="data/vehicles/steerable/zetor/zetorProximaPower.xml" seatIndex="1" x="0.0" y="0.0" z="0.0" rx="0" ry="0" rz="0" />
    <!-- trucks -->
    <Passenger vehiclesName="data/vehicles/steerable/americanTruck/americanTruckOneAxle.xml" seatIndex="1" x="0.0" y="0.0" z="0.0" rx="0" ry="0" rz="0" />
    <Passenger vehiclesName="data/vehicles/steerable/americanTruck/americanTruckDualAxle.xml" seatIndex="1" x="0.0" y="0.0" z="0.0" rx="0" ry="0" rz="0" />
    <Passenger vehiclesName="data/vehicles/steerable/man/manTGS18480.xml" seatIndex="1" x="0.0" y="0.0" z="0.0" rx="0" ry="0" rz="0" />
    <Passenger vehiclesName="data/vehicles/steerable/tatra/tatraPhoenix.xml" seatIndex="1" x="0.0" y="0.0" z="0.0" rx="0" ry="0" rz="0" />
    <!-- sprayer -->
    <Passenger vehiclesName="data/vehicles/steerable/newHolland/SP400F.xml" seatIndex="1" x="0.0" y="0.0" z="0.0" rx="0" ry="0" rz="0" />
    <!-- harvester -->
    <Passenger vehiclesName="data/vehicles/steerable/grimme/grimmeTectron415.xml" seatIndex="1" x="0.0" y="0.0" z="0.0" rx="0" ry="0" rz="0" />
    <Passenger vehiclesName="data/vehicles/steerable/holmer/holmerTerraDosT4_40.xml" seatIndex="1" x="0.0" y="0.0" z="0.0" rx="0" ry="0" rz="0" />
    <Passenger vehiclesName="data/vehicles/steerable/krone/kroneBiGX580.xml" seatIndex="1" x="0.0" y="0.0" z="0.0" rx="0" ry="0" rz="0" />
    <Passenger vehiclesName="data/vehicles/steerable/newHolland/newHollandFR850.xml" seatIndex="1" x="0.0" y="0.0" z="0.0" rx="0" ry="0" rz="0" />
    <Passenger vehiclesName="data/vehicles/steerable/rostselmash/rsm1403.xml" seatIndex="1" x="0.0" y="0.0" z="0.0" rx="0" ry="0" rz="0" />
    <!-- telehandler -->
    <Passenger vehiclesName="data/vehicles/steerable/jcb/jcbTM320s.xml" seatIndex="1" x="0.0" y="0.0" z="0.0" rx="0" ry="0" rz="0" />
    <Passenger vehiclesName="data/vehicles/steerable/kramer/kramer308T.xml" seatIndex="1" x="0.0" y="0.0" z="0.0" rx="0" ry="0" rz="0" />
    <Passenger vehiclesName="data/vehicles/steerable/liebherr/liebherrTL432_7.xml" seatIndex="1" x="0.0" y="0.0" z="0.0" rx="0" ry="0" rz="0" />
    <Passenger vehiclesName="data/vehicles/steerable/manitou/manitouMLT840.xml" seatIndex="1" x="0.0" y="0.0" z="0.0" rx="0" ry="0" rz="0" />
    <!-- woodHarvester -->
    <Passenger vehiclesName="data/vehicles/steerable/ponsse/ponsseScorpion.xml" seatIndex="1" x="0.0" y="0.0" z="0.0" rx="0" ry="0" rz="0" />
    <Passenger vehiclesName="data/vehicles/steerable/sampoRosenlew/sampoRosenlewHR46.xml" seatIndex="1" x="0.0" y="0.0" z="0.0" rx="0" ry="0" rz="0" />
    <!-- loader -->
    <Passenger vehiclesName="data/vehicles/steerable/holmer/holmerTerraFelis2.xml" seatIndex="1" x="0.0" y="0.0" z="0.0" rx="0" ry="0" rz="0" />
    <!-- wheelLoader -->
    <Passenger vehiclesName="data/vehicles/steerable/liebherr/liebherrL538.xml" seatIndex="1" x="0.0" y="0.0" z="0.0" rx="0" ry="0" rz="0" />
    <!-- forwarder -->
    <Passenger vehiclesName="data/vehicles/steerable/ponsse/ponsseBuffalo.xml" seatIndex="1" x="0.0" y="0.0" z="0.0" rx="0" ry="0" rz="0" />
    <!-- mixerWagon -->
    <Passenger vehiclesName="data/vehicles/steerable/siloking/siloKingSelfLineCompact1612.xml" seatIndex="1" x="0.0" y="0.0" z="0.0" rx="0" ry="0" rz="0" />
    <!-- mods -->
    <Passenger vehiclesName="$moddir$FS17_Case_Optum_CVX/caseIHOptumCVX.xml" seatIndex="1" x="0.524" y="2.254" z="-0.595" rx="0" ry="-0.28" rz="0" />
</passengerSeats>