<?xml version="1.0" encoding="utf-8" standalone="no" ?>
<l10n>
    <texts>
        <text name="input_ContractorMod_NEXTWORKER" text="Cambiar al siguiente jornalero" />
        <text name="input_ContractorMod_PREVWORKER" text="Cambiar al anterior jornalero" />
        <text name="input_ContractorMod_WORKER1" text="Cambiar a jornalero 1" />
        <text name="input_ContractorMod_WORKER2" text="Cambiar a jornalero 2" />
        <text name="input_ContractorMod_WORKER3" text="Cambiar a jornalero 3" />
        <text name="input_ContractorMod_WORKER4" text="Cambiar a jornalero 4" />
        <text name="input_ContractorMod_WORKER5" text="Cambiar a jornalero 5" />
        <text name="input_ContractorMod_WORKER6" text="Cambiar a jornalero 6" />
        <text name="input_ContractorMod_WORKER7" text="Cambiar a jornalero 7" />
        <text name="input_ContractorMod_WORKER8" text="Cambiar a jornalero 8" />
        <text name="ContractorMod_VEHICLE_NOT_FREE" text="El vehículo ya está siendo controlado por otro jornalero" />
        <text name="ContractorMod_WORKER__STOP" text= "El vehículo se detendrá al bajarse" />
        <text name="ContractorMod_NO_MORE_PASSENGER" text="No hay espacio para un pasajero más en este vehículo" />
    </texts>
</l10n>
