<ContractorMod>
    <passengerSeats>
        <!--
            This file is used to position passengers in a vehicle.
            seatIndex="0" is driver seat so each additionnal seat defined here is a passenger seat
            just define seatIndex, location (x, y, z) and rotation (rx, ry, rz) to add a passenger
            seatIndex="-1" means no passenger can enter this vehicle
            mods vehicles can also be set here with syntax $moddir$mod_name/mod_xml.xml like caseIHOptumCVX
        -->
        <!-- cars -->
        <Passenger vehiclesName="data/vehicles/lizard/pickup1978/pickup1978.xml" seatIndex="-1" x="0.0" y="0.0" z="0.0" rx="0" ry="0" rz="0" /> 
        <Passenger vehiclesName="data/vehicles/lizard/pickup2014/pickup2014.xml" seatIndex="1" x="-0.475474" y="0.8845" z="0.5276" rx="0" ry="0" rz="0" /> 
        <Passenger vehiclesName="data/vehicles/lizard/pickup2014/pickup2014.xml" seatIndex="2" x="0.475474" y="0.8845" z="-0.35" rx="0" ry="0" rz="0" /> 
        <Passenger vehiclesName="data/vehicles/lizard/pickup2014/pickup2014.xml" seatIndex="3" x="-0.475474" y="0.8845" z="-0.35" rx="0" ry="0" rz="0" /> 
        <!-- combines -->
        <Passenger vehiclesName="data/vehicles/agco/ideal9/IDEAL9.xml" seatIndex="-1" x="0.0" y="0.0" z="0.0" rx="0" ry="0" rz="0" /> 
        <Passenger vehiclesName="data/vehicles/bizon/z056/z056.xml" seatIndex="-1" x="0.0" y="0.0" z="0.0" rx="0" ry="0" rz="0" />
        <Passenger vehiclesName="data/vehicles/caseIH/A8800MR/A8800MR.xml" seatIndex="-1" x="0.0" y="0.0" z="0.0" rx="0" ry="0" rz="0" /> 
        <Passenger vehiclesName="data/vehicles/caseIH/axial9240/axial9240.xml" seatIndex="-1" x="0.0" y="0.0" z="0.0" rx="0" ry="0" rz="0" /> 
        <Passenger vehiclesName="data/vehicles/caseIH/moduleExpress635/moduleExpress635.xml" seatIndex="-1" x="0.0" y="0.0" z="0.0" rx="0" ry="0" rz="0" /> 
        <Passenger vehiclesName="data/vehicles/grimme/varitron470/varitron470.xml" seatIndex="-1" x="0.0" y="0.0" z="0.0" rx="0" ry="0" rz="0" /> 
        <Passenger vehiclesName="data/vehicles/holmer/terraDosT4_40/terraDosT4_40.xml" seatIndex="-1" x="0.0" y="0.0" z="0.0" rx="0" ry="0" rz="0" /> 
        <Passenger vehiclesName="data/vehicles/johnDeere/S790/S790.xml" seatIndex="-1" x="0.0" y="0.0" z="0.0" rx="0" ry="0" rz="0" />
        <Passenger vehiclesName="data/vehicles/johnDeere/T560/T560.xml" seatIndex="-1" x="0.0" y="0.0" z="0.0" rx="0" ry="0" rz="0" />
        <Passenger vehiclesName="data/vehicles/masseyFerguson/activa7347/activa7347.xml" seatIndex="-1" x="0.0" y="0.0" z="0.0" rx="0" ry="0" rz="0" /> 
        <Passenger vehiclesName="data/vehicles/newHolland/cr1090/cr1090.xml" seatIndex="-1" x="0.0" y="0.0" z="0.0" rx="0" ry="0" rz="0" /> 
        <Passenger vehiclesName="data/vehicles/newHolland/TX32/TX32.xml" seatIndex="1" x="0.356" y="2.391" z="2.635" rx="0" ry="0" rz="0" />
        <Passenger vehiclesName="data/vehicles/ropa/panther2/panther2.xml" seatIndex="-1" x="0.0" y="0.0" z="0.0" rx="0" ry="0" rz="0" /> 
        <Passenger vehiclesName="data/vehicles/ropa/tiger6/tiger6.xml" seatIndex="-1" x="0.0" y="0.0" z="0.0" rx="0" ry="0" rz="0" /> 
        <Passenger vehiclesName="data/vehicles/rostselmash/161/161.xml" seatIndex="-1" x="0.0" y="0.0" z="0.0" rx="0" ry="0" rz="0" />
        <Passenger vehiclesName="data/vehicles/rostselmash/nova330/nova330.xml" seatIndex="-1" x="0.0" y="0.0" z="0.0" rx="0" ry="0" rz="0" />
        <!-- tractors -->
        <Passenger vehiclesName="data/vehicles/armaTrac/1104/1104.xml" seatIndex="-1" x="0.0" y="0.0" z="0.0" rx="0" ry="0" rz="0" /> 
        <Passenger vehiclesName="data/vehicles/caseIH/magnum/magnum.xml" seatIndex="1" x="0.5000" y="2.4225" z="-0.9132" rx="0" ry="0" rz="0" />
        <Passenger vehiclesName="data/vehicles/caseIH/magnum7240Pro/magnum7240Pro.xml" seatIndex="-1" x="0.521" y="2.337" z="-0.76" rx="0" ry="0" rz="0" />
        <Passenger vehiclesName="data/vehicles/caseIH/maxxum145CVX/maxxum145CVX.xml" seatIndex="1" x="0.5000" y="2.0052" z="-0.8539" rx="0" ry="0" rz="0" />
        <Passenger vehiclesName="data/vehicles/caseIH/optum/optum.xml" seatIndex="1" x="0.5000" y="2.3687" z="-0.5841" rx="0" ry="0" rz="0" />
        <Passenger vehiclesName="data/vehicles/caseIH/puma/puma.xml" seatIndex="1" x="0.5145" y="2.0939" z="-0.6783" rx="0" ry="0" rz="0" />
        <Passenger vehiclesName="data/vehicles/caseIH/quadtrac/quadtrac.xml" seatIndex="-1" x="0.0" y="0.0" z="0.0" rx="0" ry="0" rz="0" /> 
        <Passenger vehiclesName="data/vehicles/challenger/mt700/mt700.xml" seatIndex="-1" x="0.0" y="0.0" z="0.0" rx="0" ry="0" rz="0" /> 
        <Passenger vehiclesName="data/vehicles/challenger/mt800/mt800.xml" seatIndex="-1" x="0.0" y="0.0" z="0.0" rx="0" ry="0" rz="0" /> 
        <Passenger vehiclesName="data/vehicles/challenger/mt900/mt900E.xml" seatIndex="-1" x="0.0" y="0.0" z="0.0" rx="0" ry="0" rz="0" />
        <Passenger vehiclesName="data/vehicles/deutz/series9/series9.xml" seatIndex="-1" x="0.0" y="0.0" z="0.0" rx="0" ry="0" rz="0" />
        <Passenger vehiclesName="data/vehicles/fendt/favorit500/favorit500.xml" seatIndex="-1" x="0.0" y="0.0" z="0.0" rx="0" ry="0" rz="0" />
        <Passenger vehiclesName="data/vehicles/fendt/fendt300/fendt300.xml" seatIndex="-1" x="0.0" y="0.0" z="0.0" rx="0" ry="0" rz="0" />
        <Passenger vehiclesName="data/vehicles/fendt/fendt700/fendt700.xml" seatIndex="-1" x="0.0" y="0.0" z="0.0" rx="0" ry="0" rz="0" />
        <Passenger vehiclesName="data/vehicles/fendt/fendt900/fendt900.xml" seatIndex="-1" x="0.0" y="0.0" z="0.0" rx="0" ry="0" rz="0" />
        <Passenger vehiclesName="data/vehicles/fendt/mt1100/mt1100.xml" seatIndex="-1" x="0.0" y="0.0" z="0.0" rx="0" ry="0" rz="0" />
        <Passenger vehiclesName="data/vehicles/fendt/mt900/mt900.xml" seatIndex="-1" x="0.0" y="0.0" z="0.0" rx="0" ry="0" rz="0" />
        <Passenger vehiclesName="data/vehicles/fendt/vario1000/vario1000.xml" seatIndex="-1" x="0.0" y="0.0" z="0.0" rx="0" ry="0" rz="0" />
        <Passenger vehiclesName="data/vehicles/fiat/fiat1300dt/fiat1300dt.xml" seatIndex="-1" x="0.0" y="0.0" z="0.0" rx="0" ry="0" rz="0" /> 
        <Passenger vehiclesName="data/vehicles/jcb/fastrac4220/fastrac4220.xml" seatIndex="-1" x="0.0" y="0.0" z="0.0" rx="0" ry="0" rz="0" />
        <Passenger vehiclesName="data/vehicles/jcb/fastrac8330/fastrac8330.xml" seatIndex="-1" x="0.0" y="0.0" z="0.0" rx="0" ry="0" rz="0" />
        <Passenger vehiclesName="data/vehicles/johnDeere/series6M/series6M.xml" seatIndex="-1" x="0.0" y="0.0" z="0.0" rx="0" ry="0" rz="0" />
        <Passenger vehiclesName="data/vehicles/johnDeere/series6R/series6R.xml" seatIndex="-1" x="0.0" y="0.0" z="0.0" rx="0" ry="0" rz="0" />
        <Passenger vehiclesName="data/vehicles/johnDeere/series7R/series7R.xml" seatIndex="-1" x="0.0" y="0.0" z="0.0" rx="0" ry="0" rz="0" />
        <Passenger vehiclesName="data/vehicles/johnDeere/series8R/series8R.xml" seatIndex="-1" x="0.0" y="0.0" z="0.0" rx="0" ry="0" rz="0" />
        <Passenger vehiclesName="data/vehicles/johnDeere/series8RT/series8RT.xml" seatIndex="-1" x="0.0" y="0.0" z="0.0" rx="0" ry="0" rz="0" />
        <Passenger vehiclesName="data/vehicles/lindner/lintrac90/lintrac90.xml" seatIndex="-1" x="0.0" y="0.0" z="0.0" rx="0" ry="0" rz="0" />
        <Passenger vehiclesName="data/vehicles/masseyFerguson/MF5600/MF5600.xml" seatIndex="-1" x="0.0" y="0.0" z="0.0" rx="0" ry="0" rz="0" /> 
        <Passenger vehiclesName="data/vehicles/masseyFerguson/MF7700/MF7700.xml" seatIndex="-1" x="0.0" y="0.0" z="0.0" rx="0" ry="0" rz="0" /> 
        <Passenger vehiclesName="data/vehicles/masseyFerguson/MF8700/MF8700.xml" seatIndex="-1" x="0.0" y="0.0" z="0.0" rx="0" ry="0" rz="0" /> 
        <Passenger vehiclesName="data/vehicles/newHolland/T5/T5.xml" seatIndex="-1" x="0.0" y="0.0" z="0.0" rx="0" ry="0" rz="0" /> 
        <Passenger vehiclesName="data/vehicles/newHolland/T6/T6.xml" seatIndex="-1" x="0.0" y="0.0" z="0.0" rx="0" ry="0" rz="0" /> 
        <Passenger vehiclesName="data/vehicles/newHolland/T7/T7.xml" seatIndex="-1" x="0.0" y="0.0" z="0.0" rx="0" ry="0" rz="0" /> 
        <Passenger vehiclesName="data/vehicles/newHolland/T8/T8.xml" seatIndex="-1" x="0.0" y="0.0" z="0.0" rx="0" ry="0" rz="0" /> 
        <Passenger vehiclesName="data/vehicles/newHolland/T9/T9.xml" seatIndex="-1" x="0.0" y="0.0" z="0.0" rx="0" ry="0" rz="0" /> 
        <Passenger vehiclesName="data/vehicles/stara/stMax105/stMax105.xml" seatIndex="-1" x="0.0" y="0.0" z="0.0" rx="0" ry="0" rz="0" />
        <Passenger vehiclesName="data/vehicles/stara/stMax150/stMax150.xml" seatIndex="-1" x="0.0" y="0.0" z="0.0" rx="0" ry="0" rz="0" />
        <Passenger vehiclesName="data/vehicles/steyr/profiCVT/profiCVT.xml" seatIndex="-1" x="0.0" y="0.0" z="0.0" rx="0" ry="0" rz="0" />
        <Passenger vehiclesName="data/vehicles/steyr/terrusCVT/terrusCVT.xml" seatIndex="-1" x="0.0" y="0.0" z="0.0" rx="0" ry="0" rz="0" />
        <Passenger vehiclesName="data/vehicles/train/locomotive01/locomotive01.xml" seatIndex="-1" x="0.0" y="0.0" z="0.0" rx="0" ry="0" rz="0" />
        <Passenger vehiclesName="data/vehicles/train/locomotive04/locomotive04.xml" seatIndex="-1" x="0.0" y="0.0" z="0.0" rx="0" ry="0" rz="0" />
        <Passenger vehiclesName="data/vehicles/valtra/ASeries/ASeries.xml" seatIndex="-1" x="0.0" y="0.0" z="0.0" rx="0" ry="0" rz="0" /> 
        <Passenger vehiclesName="data/vehicles/valtra/NSeries/NSeries.xml" seatIndex="-1" x="0.0" y="0.0" z="0.0" rx="0" ry="0" rz="0" /> 
        <Passenger vehiclesName="data/vehicles/valtra/SSeries/SSeries.xml" seatIndex="-1" x="0.0" y="0.0" z="0.0" rx="0" ry="0" rz="0" /> 
        <Passenger vehiclesName="data/vehicles/valtra/TSeries/TSeries.xml" seatIndex="-1" x="0.0" y="0.0" z="0.0" rx="0" ry="0" rz="0" /> 
        <!-- trucks -->
        <Passenger vehiclesName="data/vehicles/lizard/truckL/truckL.xml" seatIndex="-1" x="0.0" y="0.0" z="0.0" rx="0" ry="0" rz="0" /> 
        <Passenger vehiclesName="data/vehicles/lizard/truckM/truckM.xml" seatIndex="-1" x="0.0" y="0.0" z="0.0" rx="0" ry="0" rz="0" /> 
        <Passenger vehiclesName="data/vehicles/lizard/truckS/truckS.xml" seatIndex="-1" x="0.0" y="0.0" z="0.0" rx="0" ry="0" rz="0" /> 
        <Passenger vehiclesName="data/vehicles/man/tgs18500/tgs18500.xml" seatIndex="-1" x="0.0" y="0.0" z="0.0" rx="0" ry="0" rz="0" />
        <Passenger vehiclesName="data/vehicles/tatra/tatraPhoenix/tatraPhoenix.xml" seatIndex="-1" x="0.0" y="0.0" z="0.0" rx="0" ry="0" rz="0" />
        <!-- sprayer -->
        <Passenger vehiclesName="data/vehicles/hardi/rubicon9000/rubicon9000.xml" seatIndex="-1" x="0.0" y="0.0" z="0.0" rx="0" ry="0" rz="0" />
        <Passenger vehiclesName="data/vehicles/stara/imperador3/imperador3.xml" seatIndex="-1" x="0.0" y="0.0" z="0.0" rx="0" ry="0" rz="0" />
        <!-- potatoHarvester -->
        <Passenger vehiclesName="data/vehicles/grimme/grimmeRH2460/grimmeRH2460.xml" seatIndex="-1" x="0.0" y="0.0" z="0.0" rx="0" ry="0" rz="0" /> 
        <Passenger vehiclesName="data/vehicles/grimme/grimmeSL8022/grimmeSL8022.xml" seatIndex="-1" x="0.0" y="0.0" z="0.0" rx="0" ry="0" rz="0" /> 
        <Passenger vehiclesName="data/vehicles/grimme/grimmeTC8016/grimmeTC8016.xml" seatIndex="-1" x="0.0" y="0.0" z="0.0" rx="0" ry="0" rz="0" /> 
        <!-- forageHarvesters -->
        <Passenger vehiclesName="data/vehicles/krone/bigX1180/bigX1180.xml" seatIndex="-1" x="0.0" y="0.0" z="0.0" rx="0" ry="0" rz="0" />
        <Passenger vehiclesName="data/vehicles/newHolland/newHollandFR780/newHollandFR780.xml" seatIndex="-1" x="0.0" y="0.0" z="0.0" rx="0" ry="0" rz="0" /> 
        <Passenger vehiclesName="data/vehicles/rostselmash/F2650/F2650.xml" seatIndex="-1" x="0.0" y="0.0" z="0.0" rx="0" ry="0" rz="0" />
        <!-- teleLoader -->
        <Passenger vehiclesName="data/vehicles/manitou/MLAT533/MLAT533.xml" seatIndex="-1" x="0.0" y="0.0" z="0.0" rx="0" ry="0" rz="0" />
        <Passenger vehiclesName="data/vehicles/manitou/MLT737/MLT737.xml" seatIndex="-1" x="0.0" y="0.0" z="0.0" rx="0" ry="0" rz="0" />
        <Passenger vehiclesName="data/vehicles/masseyFerguson/MF9407S/MF9407S.xml" seatIndex="-1" x="0.0" y="0.0" z="0.0" rx="0" ry="0" rz="0" /> 
        <!-- woodHarvester -->
        <Passenger vehiclesName="data/vehicles/komatsu/forwarder875/forwarder875.xml" seatIndex="-1" x="0.0" y="0.0" z="0.0" rx="0" ry="0" rz="0" />
        <Passenger vehiclesName="data/vehicles/komatsu/xc931/xc931.xml" seatIndex="-1" x="0.0" y="0.0" z="0.0" rx="0" ry="0" rz="0" />
        <Passenger vehiclesName="data/vehicles/man/tgx26640/tgx26640.xml" seatIndex="-1" x="0.0" y="0.0" z="0.0" rx="0" ry="0" rz="0" />
        <Passenger vehiclesName="data/vehicles/ponsse/buffalo/buffalo.xml" seatIndex="-1" x="0.0" y="0.0" z="0.0" rx="0" ry="0" rz="0" /> 
        <Passenger vehiclesName="data/vehicles/ponsse/ponsseScorpion/ponsseScorpion.xml" seatIndex="-1" x="0.0" y="0.0" z="0.0" rx="0" ry="0" rz="0" /> 
        <Passenger vehiclesName="data/vehicles/sampoRosenlew/HR46/HR46.xml" seatIndex="-1" x="0.0" y="0.0" z="0.0" rx="0" ry="0" rz="0" />
        <!-- frontLoader -->
        <Passenger vehiclesName="data/vehicles/kramer/t308/t308.xml" seatIndex="-1" x="0.0" y="0.0" z="0.0" rx="0" ry="0" rz="0" /> 
        <!-- beetVehicles -->
        <Passenger vehiclesName="data/vehicles/holmer/terraFelis2/terraFelis2.xml" seatIndex="-1" x="0.0" y="0.0" z="0.0" rx="0" ry="0" rz="0" /> 
        <Passenger vehiclesName="data/vehicles/ropa/maus5/maus5.xml" seatIndex="-1" x="0.0" y="0.0" z="0.0" rx="0" ry="0" rz="0" /> 
        <!-- miscVehicles -->
        <Passenger vehiclesName="data/vehicles/lizard/crane/crane.xml" seatIndex="-1" x="0.0" y="0.0" z="0.0" rx="0" ry="0" rz="0" /> 
        <Passenger vehiclesName="data/vehicles/manitou/MC18/MC18.xml" seatIndex="-1" x="0.0" y="0.0" z="0.0" rx="0" ry="0" rz="0" />
        <Passenger vehiclesName="data/vehicles/ropa/maus5/nawaRoMaus.xml" seatIndex="-1" x="0.0" y="0.0" z="0.0" rx="0" ry="0" rz="0" />
        <!-- wheelLoader -->
        <Passenger vehiclesName="data/vehicles/newHolland/W190D/W190D.xml" seatIndex="-1" x="0.0" y="0.0" z="0.0" rx="0" ry="0" rz="0" /> 
        <!-- belts -->
        <Passenger vehiclesName="data/vehicles/lizard/beltSystem/beltSystem.xml" seatIndex="-1" x="0.0" y="0.0" z="0.0" rx="0" ry="0" rz="0" /> 
        <!-- animalsVehicles -->
        <Passenger vehiclesName="data/vehicles/strautmann/vertiMix1702/vertiMix1702.xml" seatIndex="-1" x="0.0" y="0.0" z="0.0" rx="0" ry="0" rz="0" /> 
        <!-- wood -->
        <Passenger vehiclesName="data/vehicles/jenz/jenzBA725/jenzBA725.xml" seatIndex="-1" x="0.0" y="0.0" z="0.0" rx="0" ry="0" rz="0" /> 
        <Passenger vehiclesName="data/vehicles/stepa/FHL13AK/FHL13AK.xml" seatIndex="-1" x="0.0" y="0.0" z="0.0" rx="0" ry="0" rz="0" />
        <!-- mowerVehicles -->
        <Passenger vehiclesName="data/vehicles/krone/bigM450/bigM450.xml" seatIndex="-1" x="0.0" y="0.0" z="0.0" rx="0" ry="0" rz="0" />
        <!-- skidSteerVehicles -->
        <Passenger vehiclesName="data/vehicles/newHolland/C232/C232.xml" seatIndex="-1" x="0.0" y="0.0" z="0.0" rx="0" ry="0" rz="0" /> 
        <Passenger vehiclesName="data/vehicles/newHolland/L218/L218.xml" seatIndex="-1" x="0.0" y="0.0" z="0.0" rx="0" ry="0" rz="0" /> 
        <!-- mods -->
        <!-- Mods are now set in ContractorMod.xml in mods folder so they won't be overwritten when mod is updated -->
    </passengerSeats>
</ContractorMod>
